count,start_station_id,start_station_name
160522,519,Pershing Square North
116195,497,E 17 St & Broadway
114883,435,W 21 St & 6 Ave
112874,402,Broadway & E 22 St
99928,285,Broadway & E 14 St
99044,426,West St & Chambers St
93800,477,W 41 St & 8 Ave
92216,490,8 Ave & W 33 St
91531,499,Broadway & W 60 St
88955,293,Lafayette St & E 8 St
86872,3255,8 Ave & W 31 St
86442,514,12 Ave & W 40 St
85706,368,Carmine St & 6 Ave
83239,281,Grand Army Plaza & Central Park S
82499,358,Christopher St & Greenwich St
82353,2006,Central Park S & 6 Ave
81154,459,W 20 St & 11 Ave
81038,3002,South End Ave & Liberty St
80850,229,Great Jones St
80654,379,W 31 St & 7 Ave
80522,382,University Pl & E 14 St
79994,359,E 47 St & Park Ave
79945,505,6 Ave & W 33 St
79843,3641,Broadway & W 25 St
79265,492,W 33 St & 7 Ave
77929,3263,Cooper Square & Astor Pl
77474,151,Cleveland Pl & Spring St
75962,168,W 18 St & 6 Ave
74589,387,Centre St & Chambers St
74408,523,W 38 St & 8 Ave
73206,3164,Columbus Ave & W 72 St
72761,3435,Grand St & Elizabeth St
71949,504,1 Ave & E 16 St
71899,465,Broadway & W 41 St
71251,491,E 24 St & Park Ave S
70607,445,E 10 St & Avenue A
69156,3660,W 16 St & 8 Ave
68758,446,W 24 St & 7 Ave
68702,327,Vesey Pl & River Terrace
67529,432,E 7 St & Avenue A
66666,173,Broadway & W 49 St
65836,462,W 22 St & 10 Ave
65111,482,W 15 St & 7 Ave
64917,128,MacDougal St & Prince St
64834,127,Barrow St & Hudson St
64558,453,W 22 St & 8 Ave
64438,486,Broadway & W 29 St
64298,472,E 32 St & Park Ave
64033,3427,Lafayette St & Jersey St
63591,405,Washington St & Gansevoort St
63190,509,9 Ave & W 22 St
62641,442,W 27 St & 7 Ave
61931,457,Broadway & W 58 St
61918,479,9 Ave & W 45 St
61810,3141,1 Ave & E 68 St
61489,483,E 12 St & 3 Ave
61146,496,E 16 St & 5 Ave
60812,494,W 26 St & 8 Ave
60456,498,Broadway & W 32 St
59796,458,11 Ave & W 27 St
59775,466,W 25 St & 6 Ave
59661,3260,Mercer St & Bleecker St
58820,517,Pershing Square South
58702,450,W 49 St & 8 Ave
58500,3233,E 48 St & 5 Ave
58017,545,E 23 St & 1 Ave
57908,237,E 11 St & 2 Ave
57569,518,E 39 St & 2 Ave
57431,507,E 25 St & 2 Ave
57284,487,E 20 St & FDR Drive
57077,297,E 15 St & 3 Ave
56912,3167,Amsterdam Ave & W 73 St
56801,468,Broadway & W 56 St
56457,3258,W 27 St & 10 Ave
55857,347,Greenwich St & W Houston St
55781,312,Allen St & Stanton St
55702,3256,Pier 40 - Hudson River Park
55669,336,Sullivan St & Washington Sq
55261,251,Mott St & Prince St
55176,236,St Marks Pl & 2 Ave
54700,307,Canal St & Rutgers St
53712,3165,Central Park West & W 72 St
53601,461,E 20 St & 2 Ave
53067,438,St Marks Pl & 1 Ave
52953,3443,W 52 St & 6 Ave
52825,403,E 2 St & 2 Ave
52808,531,Forsyth St & Broome St
52241,2008,Little West St & 1 Pl
52125,380,W 4 St & 7 Ave S
51240,401,Allen St & Rivington St
51197,2003,1 Ave & E 18 St
50950,528,2 Ave & E 31 St
50658,383,Greenwich Ave & Charles St
50251,540,Lexington Ave & E 29 St
50096,326,E 11 St & 1 Ave
49907,2021,W 45 St & 8 Ave
49851,537,Lexington Ave & E 24 St
49787,478,11 Ave & W 41 St
49650,315,South St & Gouverneur Ln
49101,334,W 20 St & 7 Ave
49093,3163,Central Park West & W 68 St
48977,410,Suffolk St & Stanton St
48761,265,Stanton St & Chrystie St
48755,3282,5 Ave & E 88 St
48687,417,Barclay St & Church St
48418,530,11 Ave & W 59 St
48378,529,W 42 St & 8 Ave
48356,3158,W 63 St & Broadway
48285,447,8 Ave & W 52 St
47724,3244,University Pl & E 8 St
47645,212,W 16 St & The High Line
47568,3137,5 Ave & E 73 St
47099,361,Allen St & Hester St
47081,524,W 43 St & 6 Ave
46991,476,E 31 St & 3 Ave
46811,448,W 37 St & 10 Ave
46805,503,E 20 St & Park Ave
46665,304,Broadway & Battery Pl
46623,167,E 39 St & 3 Ave
45691,501,FDR Drive & E 35 St
45678,319,Fulton St & Broadway
45396,515,W 43 St & 10 Ave
45383,3159,W 67 St & Broadway
45350,526,E 33 St & 5 Ave
45121,3429,Hanson Pl & Ashland Pl
44901,412,Forsyth St & Canal St
44837,3236,W 42 St & Dyer Ave
44732,539,Metropolitan Ave & Bedford Ave
44699,536,1 Ave & E 30 St
44650,3235,E 41 St & Madison Ave
43974,268,Howard St & Centre St
43939,3686,Gansevoort St & Hudson St
43801,495,W 47 St & 10 Ave
43664,3664,North Moore St & Greenwich St
43290,377,6 Ave & Canal St
43285,3016,Kent Ave & N 7 St
43274,305,E 58 St & 3 Ave
43251,546,E 30 St & Park Ave S
43206,223,W 13 St & 7 Ave
43103,335,Washington Pl & Broadway
42996,301,E 2 St & Avenue B
42790,520,W 52 St & 5 Ave
42776,3168,Central Park West & W 85 St
42670,388,W 26 St & 10 Ave
42662,3142,1 Ave & E 62 St
42259,195,Liberty St & Broadway
42178,267,Broadway & W 36 St
41928,3656,E 2 St & Avenue A
41906,469,Broadway & W 53 St
41859,3474,6 Ave & Spring St
41838,394,E 9 St & Avenue C
41739,3458,W 55 St & 6 Ave
41543,525,W 34 St & 11 Ave
41130,317,E 6 St & Avenue B
41042,3140,1 Ave & E 78 St
41000,480,W 53 St & 10 Ave
40946,508,W 46 St & 11 Ave
40903,3093,N 6 St & Bedford Ave
40884,72,W 52 St & 11 Ave
40649,474,5 Ave & E 29 St
40412,363,West Thames St
40314,433,E 13 St & Avenue A
40263,3147,E 85 St & 3 Ave
40243,533,Broadway & W 38 St
40182,532,S 5 Pl & S 5 St
40088,3463,E 16 St & Irving Pl
40054,460,S 4 St & Wythe Ave
40006,174,E 25 St & 1 Ave
39640,3472,W 15 St & 10 Ave
39476,325,E 19 St & 3 Ave
39407,3295,Central Park W & W 96 St
38781,328,Watts St & Greenwich St
38734,346,Bank St & Hudson St
38711,3186,Grove St PATH
38654,3467,W Broadway & Spring Street
38579,303,Mercer St & Spring St
38272,500,Broadway & W 51 St
38258,161,LaGuardia Pl & W 3 St
38142,3223,E 55 St & 3 Ave
37990,2012,E 27 St & 1 Ave
37945,3409,Bergen St & Smith St
37891,456,E 53 St & Madison Ave
37330,3143,5 Ave & E 78 St
36935,252,MacDougal St & Washington Sq
36855,355,Bayard St & Baxter St
36683,439,E 4 St & 2 Ave
36669,254,W 11 St & 6 Ave
36420,3461,Murray St & Greenwich St
36355,350,Clinton St & Grand St
36307,2010,Grand St & Greene St
36138,2002,Wythe Ave & Metropolitan Ave
36054,470,W 20 St & 8 Ave
36023,485,W 37 St & 5 Ave
35858,296,Division St & Bowery
35498,257,Lispenard St & Broadway
35046,423,W 54 St & 9 Ave
35004,3659,W 17 St & 9 Ave
34998,3687,E 33 St & 1 Ave
34838,502,Henry St & Grand St
34640,3632,E 12 St & Avenue B
34512,279,Peck Slip & Front St
34455,311,Norfolk St & Broome St
34308,3160,Central Park West & W 76 St
34059,309,Murray St & West St
33640,3156,E 72 St & York Ave
33603,3374,Central Park North & Adam Clayton Powell Blvd
33524,440,E 45 St & 3 Ave
33514,484,W 44 St & 5 Ave
33177,345,W 13 St & 6 Ave
33151,369,Washington Pl & 6 Ave
32889,3161,W 76 St & Columbus Ave
32625,441,E 52 St & 2 Ave
32550,217,Old Fulton St
32376,3459,E 53 St & 3 Ave
32356,164,E 47 St & 2 Ave
32225,3431,E 35 St & 3 Ave
31972,259,South St & Whitehall St
31711,391,Clark St & Henry St
31632,513,W 56 St & 10 Ave
31614,3112,Milton St & Franklin St
31468,455,1 Ave & E 44 St
31425,422,W 59 St & 10 Ave
31087,3360,Amsterdam Ave & W 79 St
30985,2000,Front St & Washington St
30815,3171,Amsterdam Ave & W 82 St
30673,3283,W 89 St & Columbus Ave
30418,146,Hudson St & Reade St
30395,3440,Fulton St & Adams St
30060,3090,N 8 St & Driggs Ave
30011,3170,W 84 St & Columbus Ave
29919,3680,E 43 St & 5 Ave
29760,3226,W 82 St & Central Park West
29572,3674,Jay St & York St
29428,150,E 2 St & Avenue C
29207,239,Willoughby St & Fleet St
29142,3684,W 12 St & W 4 St
29017,473,Rivington St & Chrystie St
29000,3658,W 18 St & 9 Ave
28924,79,Franklin St & W Broadway
28910,3173,Riverside Blvd & W 67 St
28788,280,E 10 St & 5 Ave
28478,238,Bank St & Washington St
28408,3314,W 95 St & Broadway
28319,3259,9 Ave & W 28 St
28278,295,Pike St & E Broadway
28044,228,E 48 St & 3 Ave
28017,247,Perry St & Bleecker St
27929,3423,West Drive & Prospect Park West
27893,3107,Bedford Ave & Nassau Ave
27866,3402,Court St & State St
27772,3175,W 70 St & Amsterdam Ave
27540,3092,Berry St & N 8 St
27126,3243,E 58 St & 1 Ave
27100,330,Reade St & Broadway
26866,3166,Riverside Dr & W 72 St
26725,351,Front St & Maiden Ln
26608,467,Dean St & 4 Ave
26563,3372,E 74 St & 1 Ave
26560,3132,E 59 St & Madison Ave
26504,3129,Queens Plaza North & Crescent St
26483,3177,W 84 St & Broadway
26258,357,E 11 St & Broadway
26211,386,Centre St & Worth St
26105,427,Bus Slip & State St
25942,320,Leonard St & Church St
25800,522,E 51 St & Lexington Ave
25510,362,Broadway & W 37 St
25482,3521,Lenox Ave & W 111 St
25396,3318,2 Ave & E 96 St
25254,415,Pearl St & Hanover Square
25241,3119,Vernon Blvd & 50 Ave
25203,323,Lawrence St & Willoughby St
25160,3305,E 91 St & 2 Ave
24989,316,Fulton St & William St
24826,321,Cadman Plaza E & Red Cross Pl
24778,2009,Catherine St & Monroe St
24775,308,St James Pl & Oliver St
24758,302,Avenue D & E 3 St
24696,143,Clinton St & Joralemon St
24593,3301,Columbus Ave & W 95 St
24538,3155,Lexington Ave & E 63 St
24213,3635,W 36 St & 9 Ave
24206,3507,Park Ave & E 124 St
23914,366,Clinton Ave & Myrtle Ave
23834,3466,W 45 St & 6 Ave (OLD)
23757,3086,Graham Ave & Conselyea St
23738,392,Jay St & Tech Pl
23555,3457,E 58 St & Madison Ave
23469,3486,Schermerhorn St & Bond St
23442,406,Hicks St & Montague St
23406,3462,E 44 St & 2 Ave
23381,481,S 3 St & Bedford Ave
23335,389,Broadway & Berry St
23318,3349,Grand Army Plaza & Plaza St West
23231,398,Atlantic Ave & Furman St
23149,3162,W 78 St & Broadway
23139,264,Maiden Ln & Pearl St
23051,324,DeKalb Ave & Hudson Ave
22955,393,E 5 St & Avenue C
22928,454,E 51 St & 1 Ave
22890,376,John St & William St
22836,3136,5 Ave & E 63 St
22619,3232,Bond St & Fulton St
22570,3285,W 87 St & Amsterdam Ave
22363,276,Duane St & Greenwich St
22287,3320,Central Park West & W 100 St
22244,360,William St & Pine St
22162,3148,E 84 St & 1 Ave
22107,314,Cadman Plaza West & Montague St
21886,3367,5 Ave & E 103 St
21881,411,E 6 St & Avenue D
21802,527,E 33 St & 2 Ave
21706,3110,Meserole Ave & Manhattan Ave
21614,342,Columbia St & Rivington St
21604,349,Rivington St & Ridge St
21573,3350,W 100 St & Broadway
21477,2023,E 55 St & Lexington Ave
21413,340,Madison St & Clinton St
21285,534,Water - Whitehall Plaza
21234,356,Bialystoker Pl & Delancey St
21222,157,Henry St & Atlantic Ave
21191,3418,Plaza St West & Flatbush Ave
20896,3534,Frederick Douglass Blvd & W 117 St
20779,3134,3 Ave & E 62 St
20593,3382,Carroll St & Smith St
19909,3203,Hamilton Park
19884,258,DeKalb Ave & Vanderbilt Ave
19880,3113,Greenpoint Ave & Manhattan Ave
19841,270,Adelphi St & Myrtle Ave
19765,3383,Cathedral Pkwy & Broadway
19684,3362,Madison Ave & E 82 St
19631,414,Pearl St & Anchorage Pl
19496,3354,3 St & Prospect Park West
19489,253,W 13 St & 5 Ave
19402,471,Grand St & Havemeyer St
19195,3346,Berkeley Pl & 7 Ave
19193,408,Market St & Cherry St
19166,3169,Riverside Dr & W 82 St
19116,3293,W 92 St & Broadway
19079,266,Avenue D & E 8 St
19013,274,Lafayette Ave & Fort Greene Pl
19004,331,Pike St & Monroe St
18981,516,E 47 St & 1 Ave
18957,332,Cherry St
18839,3172,W 74 St & Columbus Ave
18617,337,Old Slip & Front St
18607,310,State St & Smith St
18381,3351,E 102 St & 1 Ave
18262,390,Duffield St & Willoughby St
18260,3553,Frederick Douglass Blvd & W 112 St
18133,3078,Broadway & Roebling St
18050,341,Stanton St & Mangin St
17991,282,Kent Ave & S 11 St
17945,3315,Henry St & Degraw St
17881,3336,E 97 St & Madison Ave
17879,3711,E 13 St & Avenue A
17695,3108,Nassau Ave & Russell St
17693,3146,E 81 St & 3 Ave
17672,3356,Amsterdam Ave & W 66 St
17656,399,Lafayette Ave & St James Pl
17606,3096,Union Ave & N 12 St
17570,244,Willoughby Ave & Hall St
17540,291,Madison St & Montgomery St
17443,3139,E 72 St & Park Ave
17408,249,Harrison St & Hudson St
17397,3101,N 12 St & Bedford Ave
17281,3087,Metropolitan Ave & Meeker Ave
17038,3242,Schermerhorn St & Court St
17026,3124,46 Ave & 5 St
16696,3292,5 Ave & E 93 St
16606,3368,5 Ave & 3 St
16601,364,Lafayette Ave & Classon Ave
16576,437,Macon St & Nostrand Ave
16455,3697,W 64 St & Thelonious Monk Circle
16413,3116,Huron St & Franklin St
16405,3109,Banker St & Meserole Ave
16403,3376,E 65 St & 2 Ave
16311,3323,W 106 St & Central Park West
16276,3178,Riverside Dr & W 78 St
16202,3082,Hope St & Union Ave
16183,3307,West End Ave & W 94 St
16164,3408,Congress St & Clinton St
16044,3151,E 81 St & York Ave
16035,3145,E 84 St & Park Ave
16003,416,Cumberland St & Lafayette Ave
15966,339,Avenue D & E 12 St
15943,3115,India St & Manhattan Ave
15929,3135,E 75 St & 3 Ave
15849,3417,Baltic St & 5 Ave
15837,3195,Sip Ave
15671,3312,1 Ave & E 94 St
15532,241,DeKalb Ave & S Portland Ave
15514,354,Emerson Pl & Myrtle Ave
15489,3118,McGuinness Blvd & Eagle St
15472,3366,West End Ave & W 107 St
15469,3414,Bergen St & Flatbush Ave
15463,3150,E 85 St & York Ave
15404,3539,W 116 St & Amsterdam Ave
15392,3637,Fulton St & Waverly Ave
15373,3378,E 76 St & Park Ave
15312,3064,Myrtle Ave & Lewis Ave
15263,3289,W 90 St & Amsterdam Ave
15229,3576,Park Pl & Vanderbilt Ave
15190,3365,3 St & 7 Ave
15073,313,Washington Ave & Park Ave
15018,3224,W 13 St & Hudson St
15008,3106,Driggs Ave & N Henry St
14942,3420,Douglass St & 3 Ave
14935,3331,Riverside Dr & W 104 St
14867,3328,W 100 St & Manhattan Ave
14858,306,Cliff St & Fulton St_1
14850,3126,44 Dr & Jackson Ave
14841,261,Johnson St & Gold St
14631,3131,E 68 St & 3 Ave
14516,3639,Harborside
14430,493,W 45 St & 6 Ave
14305,3373,3 St & 3 Ave
14304,3663,Sterling Pl & 7 Ave
14300,3558,Bergen St & Vanderbilt Ave
14267,3288,E 88 St & 1 Ave
14265,3370,E 78 St & 2 Ave
14238,3202,Newport PATH
14184,232,Cadman Plaza E & Tillary St
14148,3411,Bond St & Bergen St
14119,3508,St Nicholas Ave & Manhattan Ave
14064,3100,Nassau Ave & Newell St
13980,3077,Stagg St & Union Ave
13931,3497,Pleasant Ave & E 116 St
13895,3489,Gold St & Frankfort St
13836,3648,Flushing Ave & Vanderbilt Ave
13824,3688,2 Ave & E 55 St
13819,3584,Eastern Pkwy & Franklin Ave
13809,3526,31 St & 23 Ave
13790,260,Broad St & Bridge St
13777,3701,Cliff St & Fulton St
13695,3341,Central Park West & W 102 St
13672,322,Clinton St & Tillary St
13661,284,Greenwich Ave & 8 Ave
13618,3518,Lenox Ave & W 126 St
13611,3668,Leonard St & Nassau Ave
13599,3361,Carroll St & 6 Ave
13576,3538,W 110 St & Amsterdam Ave
13533,3335,Union St & 4 Ave
13476,3547,Broadway & Moylan Pl
13473,3400,E 110 St & Madison Ave
13418,3308,Kane St & Clinton St
13407,262,Washington Park
13337,3536,W 116 St & Broadway
13323,3364,Carroll St & 5 Ave
13112,418,Front St & Gold St
13086,3552,W 113 St & Broadway
13077,83,Atlantic Ave & Fort Greene Pl
13014,3298,Warren St & Court St
12952,3434,W 88 St & West End Ave
12911,3294,E 91 St & Park Ave
12875,3369,E 82 St & East End Ave
12855,243,Fulton St & Rockwell Pl
12836,248,Laight St & Hudson St
12801,3117,Franklin St & Dupont St
12787,3176,W 64 St & West End Ave
12749,3398,Smith St & 9 St
12746,3437,Riverside Dr & W 91 St
12366,3359,E 68 St & Madison Ave
12320,3671,E 81 St & 2 Ave
12302,365,Fulton St & Grand Ave
12297,3304,6 Ave & 9 St
12265,3083,Bushwick Ave & Powers St
12233,353,S Portland Ave & Hanson Pl
12223,344,Monroe St & Bedford Ave
12222,3329,Degraw St & Smith St
12212,3300,Prospect Park West & 8 St
12144,3430,Richardson St & N Henry St
12046,3593,31 St & Broadway
11991,3076,Scholes St & Manhattan Ave
11959,242,Carlton Ave & Flushing Ave
11889,3529,Lenox Ave & W 130 St
11865,3284,E 88 St & Park Ave
11842,3407,Union St & Nevins St
11806,3453,Devoe St & Lorimer St
11725,3276,Marin Light Rail
11721,3422,Columbia St & Degraw St
11708,3581,Underhill Ave & Lincoln Pl
11656,3357,W 106 St & Amsterdam Ave
11642,3496,1 Ave & E 110 St
11638,407,Henry St & Poplar St
11609,3419,Douglass St & 4 Ave
11608,3599,Franklin Ave & Empire Blvd
11572,3384,Smith St & 3 St
11566,3080,S 4 St & Rodney St
11557,3125,45 Rd & 11 St
11542,275,Washington Ave & Greene Ave
11541,3296,E 93 St & 2 Ave
11520,2022,E 60 St & York Ave
11518,3377,Carroll St & Bond St
11515,3321,Clinton St & Union St
11462,3375,3 Ave & E 72 St
11400,3415,Prospect Pl & 6 Ave
11261,420,Clermont Ave & Lafayette Ave
11244,3412,Pacific St & Nevins St
11225,3345,Madison Ave & E 99 St
11168,3425,2 Ave & E 104 St
11156,3102,Driggs Ave & Lorimer St
11151,120,Lexington Ave & Classon Ave
11138,3562,Classon Ave & St Marks Ave
11097,3358,Garfield Pl & 8 Ave
11088,3319,14 St & 5 Ave
11056,3396,Clinton St & 4 Place
10967,3081,Graham Ave & Grand St
10938,82,St James Pl & Pearl St
10884,298,3 Ave & Schermerhorn St
10849,3286,E 89 St & 3 Ave
10833,3389,Carroll St & Columbia St
10816,3310,14 St & 7 Ave
10643,3572,34 Ave & 38 St
10640,3180,Brooklyn Bridge Park - Pier 2
10523,3306,10 St & 7 Ave
10502,3413,Wyckoff St & 3 Ave
10454,3152,3 Ave & E 71 St
10440,3388,President St & Henry St
10409,3542,Amsterdam Ave & W 119 St
10395,3410,Dean St & Hoyt St
10353,3690,Park Pl & Church St
10351,3311,Columbia St & Kane St
10291,3549,Grand Ave & Bergen St
10216,3516,31 St & Astoria Blvd
10146,3343,W 107 St & Columbus Ave
10127,3615,44 Dr & 21 St
10110,3537,Carlton Ave & Dean St
10066,3709,W 15 St & 6 Ave
9904,3699,W 50 St & 9 Ave
9904,3555,28 St & 41 Ave
9889,385,E 55 St & 2 Ave
9881,3379,E 103 St & Lexington Ave
9843,3339,Berkeley Pl & 6 Ave
9839,409,DeKalb Ave & Skillman St
9822,3533,St. Nicholas Ave & W 126 St
9794,3580,St Johns Pl & Washington Ave
9791,3231,E 67 St & Park Ave
9772,3403,4 Ave & 9 St
9742,3085,Roebling St & N 4 St
9719,3303,Butler St & Court St
9643,289,Monroe St & Classon Ave
9630,3438,E 76 St & 3 Ave
9624,400,Pitt St & Stanton St
9580,3386,1 Pl & Clinton St
9548,3074,Montrose Ave & Bushwick Ave
9495,3452,Bayard St & Leonard St
9446,3105,N 15 St & Wythe Ave
9354,3571,Bedford Ave & Bergen St
9350,3695,E 5 St & 2 Ave
9249,3544,Underhill Ave & Pacific St
9207,144,Nassau St & Navy St
9200,3454,Leonard St & Maujer St
9192,343,Clinton Ave & Flushing Ave
9182,3290,E 89 St & York Ave
9074,3583,Eastern Pkwy & Washington Ave
9064,3199,Newport Pkwy
9019,396,Lefferts Pl & Franklin Ave
8978,3628,Lenox Ave & W 117 St
8943,3623,W 120 St & Claremont Ave
8927,3666,32 St & 30 Ave
8859,3157,East End Ave & E 86 St
8846,3094,Graham Ave & Withers St
8789,3574,Prospect Pl & Underhill Ave
8789,3404,7 St & 5 Ave
8741,3569,Franklin Ave & St Marks Ave
8626,3613,Center Blvd & 48 Ave
8548,419,Carlton Ave & Park Ave
8538,3211,Newark Ave
8374,3332,Degraw St & Hoyt St
8362,397,Fulton St & Clermont Ave
8331,3592,Crescent St & Broadway
8316,3049,Cambridge Pl & Gates Ave
8292,3267,Morris Canal
8289,3509,Lenox Ave & W 115 St
8269,3297,6 St & 7 Ave
8262,3185,City Hall
8169,216,Columbia Heights & Cranberry St
8168,278,Concord St & Bridge St
8145,3397,Court St & Nelson St
8054,3602,31 Ave & 34 St
8034,3241,Monroe St & Tompkins Ave
8018,421,Clermont Ave & Park Ave
8008,3355,E 66 St & Madison Ave
8006,3187,Warren St
8005,3478,2 Ave & 36 St - Citi Bike HQ at Industry City
8000,245,Myrtle Ave & St Edwards St
7976,3068,Humboldt St & Varet St
7954,3535,Mt Morris Park W & W 120 St
7933,3269,Brunswick & 6th
7916,3067,Broadway & Whipple St
7886,3638,Washington St
7865,3254,Soissons Landing
7841,3510,Adam Clayton Powell Blvd & W 123 St
7840,3182,Yankee Ferry Terminal
7800,3469,India St & West St
7714,3344,Pioneer St & Van Brunt St
7659,3184,Paulus Hook
7640,3579,Sterling Pl & Bedford Ave
7624,3249,Verona Pl & Fulton St
7586,3502,Lexington Ave & E 111 St
7576,3057,Kosciuszko St & Tompkins Ave
7555,436,Hancock St & Bedford Ave
7551,3130,21 St & Queens Plaza North
7538,3705,Thompson St & Bleecker St
7530,3052,Lewis Ave & Madison St
7508,3673,Dean St & Franklin Ave
7448,3611,Vernon Blvd & 47 Rd
7378,3313,6 Ave & 12 St
7364,3153,E 71 St & 2 Ave
7337,3676,Van Brunt St & Van Dyke St
7337,3050,Putnam Ave & Throop Ave
7334,3088,Union Ave & Jackson St
7327,3047,Halsey St & Tompkins Ave
7322,3270,Jersey & 6th St
7235,3363,E 102 St & Park Ave
7214,3272,Jersey & 3rd
7151,3209,Brunswick St
7142,3213,Van Vorst Park
7132,3405,5 St & 6 Ave
7117,3610,Vernon Blvd & 30 Rd
7100,3675,3 Ave & E 95 St
7099,3447,E 71 St & 1 Ave
7056,3192,Liberty Light Rail
6933,3317,10 St & 5 Ave
6905,3275,Columbus Drive
6797,3095,Graham Ave & Herbert St
6773,3338,2 Ave & E 99 St
6745,3144,E 81 St & Park Ave
6730,3042,Fulton St & Utica Ave
6682,3640,Journal Square
6679,3540,Morningside Ave & W 123 St
6677,3278,Monmouth and 6th
6662,3381,3 St & Hoyt St
6621,3324,3 Ave & 14 St
6615,3071,Boerum St & Broadway
6574,3347,Van Brunt St & Wolcott St
6553,3302,Columbus Ave & W 103 St
6546,3532,Ditmars Blvd & 19 St
6514,3541,Amsterdam Ave & W 125 St
6510,372,Franklin Ave & Myrtle Ave
6499,3062,Myrtle Ave & Marcy Ave
6498,3390,E 109 St & 3 Ave
6478,3055,Greene Ave & Nostrand Ave
6467,3399,7 St & 3 Ave
6430,3570,35 Ave & 37 St
6419,3578,Park Pl & Franklin Ave
6382,3058,Lewis Ave & Kosciuszko St
6303,3449,Eckford St & Engert Ave
6284,3517,31 St & Hoyt Ave N
6283,3371,4 Ave & 2 St
6236,3387,E 106 St & Madison Ave
6169,3041,Kingston Ave & Herkimer St
6168,3424,E 106 St & Lexington Ave
6138,3545,Broadway & W 122 St
6133,3629,Adam Clayton Powell Blvd & W 126 St
6084,3693,N 11 St & Kent Ave
6073,3689,W 104 St & Amsterdam Ave
6059,3597,43 St & Broadway
6046,3605,31 Ave & Crescent St
6035,3591,21 St & 31 Dr
6018,443,Bedford Ave & S 9 St
6007,3792,Columbus Dr at Exchange Pl
5977,3479,Picnic Point
5953,3054,Greene Ave & Throop Ave
5950,3662,31 Ave & Steinway St
5943,3056,Kosciuszko St & Nostrand Ave
5929,3121,Jackson Ave & 46 Rd
5919,3273,Manila & 1st
5901,3520,Adam Clayton Powell Blvd & W 118 St
5833,3491,E 118 St & 1 Ave
5824,3120,Center Blvd & Borden Ave
5806,3494,E 115 St & Lexington Ave
5790,3603,31 Ave & 30 St
5788,3556,24 St & 41 Ave
5782,3194,McGinley Square
5760,3568,34 St & 35 Ave
5754,373,Willoughby Ave & Walworth St
5739,3653,31 St & 35 Ave
5737,3643,E 41 St & 5 Ave
5703,3595,35 St & Broadway
5683,3511,Adam Clayton Powell Blvd & W 115 St
5613,3588,Vernon Blvd & 10 St
5592,3531,Frederick Douglass Blvd & W 129 St
5585,3205,JC Medical Center
5560,3614,Crescent St & 30 Ave
5553,3514,Astoria Park S & Shore Blvd
5539,3279,Dixon Mills
5464,3060,Willoughby Ave & Tompkins Ave
5449,3504,E 123 St & Lexington Ave
5448,3618,27 St & Hunter St
5431,3524,19 St & 24 Ave
5430,3066,Tompkins Ave & Hopkins St
5424,3617,28 Ave & 35 St
5415,3348,Coffey St & Conover St
5401,3493,E 118 St & 3 Ave
5364,3616,Steinway St & 28 Ave
5294,3046,Marcus Garvey Blvd & Macon St
5257,3070,McKibbin St & Manhattan Ave
5250,3091,Frost St & Meeker St
5227,3072,Leonard St & Boerum St
5195,3183,Exchange Place
5142,3619,Newtown Ave & 23 St
5126,3681,Grand St
5054,3391,E 106 St & 1 Ave
5027,3309,E 97 St & 3 Ave
5023,3214,Essex Light Rail
5016,3322,12 St & 4 Ave
4996,3069,Lorimer St & Broadway
4960,3560,28 St & 38 Ave
4944,3048,Putnam Ave & Nostrand Ave
4853,3501,E 118 St & Madison Ave
4798,3622,E 128 St & Madison Ave
4775,3712,W 35 St & Dyer Ave
4773,3122,48 Ave & 5 St
4765,3441,10 Hudson Yards
4632,3053,Marcy Ave & Lafayette Ave
4629,3316,W 104 St & Amsterdam Ave - 1
4564,3604,Rogers Ave & Sterling St
4527,3530,Crescent St & Ditmars Blvd
4523,3515,24 Ave & 26 St
4507,3401,2 Ave & 9 St
4489,3575,Crescent St & 34 Ave
4475,3154,E 77 St & 3 Ave
4469,3528,Steinway St & 23 Ave
4469,3490,E 116 St & 2 Ave
4466,3495,E 114 St & 1 Ave
4459,3123,31 St & Thomson Ave
4417,3500,E 115 St & Madison Ave
4400,3063,Nostrand Ave & Myrtle Ave
4395,3421,Hoyt St & Warren St
4384,3563,28 St & 36 Ave
4361,3065,Union Ave & Wallabout St
4311,3649,W 129 St & Convent Ave
4184,3221,47 Ave & 31 St
4173,3606,49 Ave & 21 St
4168,3498,Pleasant Ave & E 120 St
4114,3499,2 Ave & E 122 St
4080,3527,5 Ave & E 126 St
4044,3582,Lincoln Pl & Classon Ave
4044,3210,Pershing Field
4037,3551,3 Ave & E 112 St
4008,3179,Park Ave & Marcus Garvey Blvd
4005,3565,36 Ave & 10 St
4002,3207,Oakland Ave
3983,3630,Frederick Douglass Blvd & W 115 St
3980,3327,3 Ave & E 100 St
3972,3598,Newton Rd & 44 St
3947,3392,Commerce St & Van Brunt St
3946,3059,Pulaski St & Marcus Garvey Blvd
3941,3589,Broadway & 12 St
3884,3561,37 Ave & 35 St
3878,3127,9 St & 44 Rd
3858,3075,Division Ave & Marcy Ave
3855,3609,Vernon Blvd & 31 Ave
3829,3577,34 Ave & 21 St
3818,3608,5 St & 51 Ave
3817,3543,Morningside Dr & Amsterdam Ave
3814,3299,E 98 St & Park Ave
3798,3523,24 Ave & 29 St
3794,3522,37 St & 24 Ave
3740,3503,Madison Ave & E 120 St
3687,3715,Driggs Ave & N 9 St
3665,3043,Lewis Ave & Decatur St
3637,3654,31 St & Northern Blvd
3604,3456,Jackson St & Leonard St
3600,3607,31 Ave & 14 St
3594,3573,35 St & 34 Ave
3580,3455,Schermerhorn St & 3 Ave
3518,3483,Montgomery St
3450,3352,Sigourney St & Columbia St
3438,119,Park Ave & St Edwards St
3436,3506,Lexington Ave & E 120 St
3428,3566,Crescent St & 35 Ave
3415,3225,Baldwin at Montgomery
3383,3546,Pacific St & Classon Ave
3379,3393,Richards St & Delavan St
3372,152,Warren St & Church St
3322,3554,Vernon Blvd & 41 Rd
3292,3061,Throop Ave & Myrtle Ave
3242,3342,Pioneer St & Richards St
3233,3103,N 11 St & Wythe Ave
3203,3073,Division Ave & Hooper St
3180,3128,21 St & 43 Ave
3163,3280,Astor Place
3076,3505,Lexington Ave & E 127 St
3026,3587,Carroll St & Washington Ave
3022,3513,21 St & Hoyt Ave S
2999,430,York St & Jay St
2918,3481,York St
2872,3585,Union St & Bedford Ave
2840,3678,Fairmount Ave
2754,3337,Dwight St & Van Dyke St
2741,3340,Wolcott St & Dwight St
2729,3326,Clinton St & Centre St
2703,3646,35 Ave & 10 St
2686,3679,Bergen Ave
2681,449,W 52 St & 9 Ave
2605,3193,Lincoln Park
2601,3691,28 Ave & 44 St
2589,3612,30 Ave & 21 St
2542,3477,39 St & 2 Ave - Citi Bike HQ at Industry City
2519,NULL,NULL
2518,433,old - E 13 St & Avenue A
2489,3525,23 Ave & 27 St
2487,3621,27 Ave & 9 St
2474,3601,Sterling St & Bedford Ave
2455,3330,Henry St & Bay St
2452,3044,Albany Ave & Fulton St
2445,3268,Lafayette Park
2392,3206,Hilltop
2365,2001,Sands St & Navy St
2304,3647,48 Ave & 30 Pl
2222,3198,Heights Elevator
2175,3492,E 118 St & Park Ave
2144,3220,5 Corners Library
2139,3631,Crown St & Bedford Ave
2127,3661,Montgomery St & Franklin Ave
2109,3669,Henry St & W 9 St
2047,3212,Christ Hospital
2021,3692,5 St & Market St
1991,3718,E 11 St & Avenue B
1966,3281,Leonard Gordon Park
1927,3625,28 St & 40 Ave
1919,3394,Columbia St & W 9 St
1899,3590,Carroll St & Franklin Ave
1825,3677,Glenwood Ave
1818,3196,Riverview Park
1794,3644,Van Dyke St & Van Brunt St
1670,3586,34 Ave & 13 St
1659,3557,40 Ave & 9 St
1607,253,W 13 St & 5 Ave -moved to 5947.04
1538,3596,Sullivan Pl & Bedford Ave
1515,3700,E 87 St & 3 Ave
1513,3277,Communipaw & Berry Lane
1501,3564,21 St & 36 Ave
1478,3559,21 St & 38 Ave
1403,2005,Railroad Ave & Kay Ave
1271,3567,11 St & 35 Ave
1245,3620,11 St & 43 Ave
1155,3325,E 95 St & 3 Ave
1140,3512,27 Ave & 4 St
1059,3201,Dey St
1044,3791,Hoboken Ave at Monmouth St
965,3714,Division Av & Hooper St
907,3432,NYCBS Depot - GOW
896,3333,Columbia St & Lorraine St
810,3694,Jackson Square
810,3191,Union St
716,3238,E 80 St & 2 Ave
297,3468,NYCBS Depot - STY - Garage 4
266,3642,E 98 St & Lexington Ave
265,3704,47 Ave & Skillman Ave
236,3721,31 St & Newtown Ave
222,3719,S Portland Ave & Atlantic Ave
162,3395,Henry St & W 9 St [old]
138,3716,40 Ave & Crescent St
124,3239,Bressler
92,3669,Henry St & W 9 St (OLD)
91,3683,Smart Cities Conference
73,3240,NYCBS Depot BAL - DYR
71,3685,Prospect Park - 5 Year Anniversary Celebration
69,3650,8D Mobile 01
62,3395,Henry St & W 9 St
62,3720,Wyckoff St & Bond St
32,3485,NYCBS Depot - RIS
28,3426,JCBS Depot
7,3040,GOW Tech Shop
6,3245,NYCBS DEPOT - DELANCEY
5,3594,Montgomery St & Franklin Ave OLD
5,3487,Prototype Lab Motivate Headquarters
3,3672,Apache
3,3488,8D QC Station 01
3,3040,Handlebar @ Gowanus
2,3036,8D OPS 01
1,428,E 3 St & 1 Ave
1,3250,NYCBS Depot - PIT
